Gender,mean,std,count
female,-0.2925782323666497,0.6633076383227055,170997
male,-0.16745528157511805,0.6582143650272675,202042
unknown,-0.2557407792823942,0.6743092143068186,446847
