genderGroup1,genderGroup2,t-statistic,p-value
Men,Women,57.60869725044413,0.0
Men,Unknown,49.64958420112303,0.0
Women,Unknown,-19.440524703679014,3.929575606690678e-84
