genderGroup1,genderGroup2,t-statistic,p-value
Men,Women,44.57514731488981,0.0
Men,Unknown,44.73176880987759,0.0
Women,Unknown,-9.58137036282517,9.708621144214711e-22
