Gender,mean,std,count
female,-0.32304650838535093,0.6028761629337797,87556
male,-0.2003328250011625,0.6016037070926108,105591
unknown,-0.3001628118959426,0.6041054454835771,234983
