sum_sq,df,F,PR(>F)
1644.4457343819122,2.0,1842.1500941575414,0.0
365945.5074584553,819883.0,0.0,0.0
