User Type,Mean,Median,Std Dev,Count
Verified,-0.1736201589977629,0.0,0.5527983787836465,30313
Not Verified,-0.2829915005479312,0.0,0.6077957539266481,406238
