Group 1,Group 2,Label,Mean 1,Mean 2,Mean Difference,95% CI Lower,95% CI Upper,P-Value,N1,N2
Male,Female,Gender,-0.2003328250011625,-0.32304650838535093,0.12271368338418842,0.11731900776203366,0.1281083590063424,0.0,105591,87556
True,False,Verified,-0.17379625606072618,-0.28220251879569463,0.10840626273496845,0.10102825146663341,0.11578427400330199,1.3452931714124028e-201,27410,393532
Organizational,Individual,Account_Type,-0.03711346981938549,-0.2809033006716114,0.2437898308522259,0.23173704881311374,0.25584261289133636,0.0,9860,426691
