Country,Country,mean,std,count
0,Non-US,-0.1689933098035084,0.6822077267049097,246779
1,US,-0.1729706390328152,0.67549342410103,127380
2,Unknown,-0.18245184633393635,0.6672532851123697,37588
