Country,Country,mean,std,count
0,Non-US,-0.23121692704845864,0.616112878427587,119075
1,US,-0.20859716685489874,0.6222273414181511,58041
2,Unknown,-0.24319194177254588,0.6109634818501687,15724
