Region,Region,mean,std,count
0,Midwest,-0.22611586029892333,0.6321192306192601,8636
1,Northeast,-0.1954518813057416,0.6110080126351977,16884
2,Southeast,-0.2163465932090803,0.6316376786798197,12102
3,Southwest,-0.22961651918989318,0.6278726853845328,7106
4,West,-0.1956403944669019,0.6175865836053874,13313
5,out of usa,-0.23121692704845864,0.616112878427587,119075
