User Type,Mean
Verified,-0.17379625606072618
Not Verified,-0.28220251879569463
Unknown,-0.28223281914009785
