User Type,Mean
Verified,-0.1208111635377974
Not Verified,-0.1768300024078979
Unknown,-0.19621574304760622
