Account_Type,Mean_Sentiment,Std_Sentiment
organisational,-0.013358452132569028,0.5312199420818235
individual,-0.23410571721397022,0.6193923324737929
