Account_Type,Mean_Sentiment,Std_Sentiment
organisational,-0.013923352633030052,0.6190231289519229
individual,-0.2424435849340931,0.6696435417206961
